4,,aanglogt op het systeem,<6 raw bytes>
5,tamara,uitgelogt van het systeem,<6 raw bytes>
6,ali,aanglogt op het systeem,<6 raw bytes>
7,ali,voertuig lambo toegevoegt.,<6 raw bytes>
8,ali,uitgelogt van het systeem,<6 raw bytes>
9,tamara,aanglogt op het systeem,<6 raw bytes>
10,tamara,aanglogt op het systeem,<6 raw bytes>
11,tamara,csv pakket geimporteerd,<6 raw bytes>
12,tamara,aanglogt op het systeem,<6 raw bytes>
13,tamara,csv pakket geimporteerd,<6 raw bytes>
14,tamara,aanglogt op het systeem,<6 raw bytes>
15,tamara,csv pakket geimporteerd,<6 raw bytes>
16,tamara,csv pakket geimporteerd,<6 raw bytes>
17,tamara,csv pakket geimporteerd,<6 raw bytes>
18,tamara,csv pakket geimporteerd,<6 raw bytes>
19,tamara,aanglogt op het systeem,<6 raw bytes>
20,tamara,aanglogt op het systeem,<6 raw bytes>
21,ali,aanglogt op het systeem,<6 raw bytes>
22,tamara,aanglogt op het systeem,<6 raw bytes>
23,tamara,aanglogt op het systeem,<6 raw bytes>
24,tamara,aanglogt op het systeem,<6 raw bytes>
25,tamara,aanglogt op het systeem,<6 raw bytes>
26,tamara,csv pakket geimporteerd,<6 raw bytes>
27,tamara,aanglogt op het systeem,<6 raw bytes>
28,tamara,voertuig overzicht tonen geklikt,<6 raw bytes>
29,tamara,aanglogt op het systeem,<6 raw bytes>
30,tamara,backup geimporteerd,<6 raw bytes>
31,tamara,backup geimporteerd,<6 raw bytes>
32,tamara,backup geimporteerd,<6 raw bytes>
33,tamara,backup geimporteerd,<6 raw bytes>
34,tamara,backup geimporteerd,<6 raw bytes>
35,tamara,aanglogt op het systeem,<6 raw bytes>
36,tamara,backup geimporteerd,<6 raw bytes>
37,tamara,backup geimporteerd,<6 raw bytes>
38,tamara,backup geimporteerd,<6 raw bytes>
39,tamara,backup geimporteerd,<6 raw bytes>
40,tamara,backup geimporteerd,<6 raw bytes>
41,tamara,aanglogt op het systeem,<6 raw bytes>
42,tamara,aanglogt op het systeem,<6 raw bytes>
43,tamara,csv pakket geimporteerd,<6 raw bytes>
44,tamara,aanglogt op het systeem,<6 raw bytes>
45,tamara,backup gemaakt/geexporteerd,<6 raw bytes>
46,tamara,backup geimporteerd,<6 raw bytes>
47,tamara,voertuig mclaren toegevoegt,<6 raw bytes>
48,tamara,aanglogt op het systeem,<6 raw bytes>
49,tamara,aanglogt op het systeem,<6 raw bytes>
50,tamara,voertuigid 10 opgezocht,<6 raw bytes>
51,ali,aanglogt op het systeem,<6 raw bytes>
52,ali,voertuig mercedes toegevoegt,<6 raw bytes>
53,ali,aanglogt op het systeem,<6 raw bytes>
54,ali,aanglogt op het systeem,<6 raw bytes>
55,ali,aanglogt op het systeem,<6 raw bytes>
56,ali,aanglogt op het systeem,<6 raw bytes>
57,ali,aanglogt op het systeem,<6 raw bytes>
58,ali,aanglogt op het systeem,<6 raw bytes>
59,ali,pakket toegevoegt,<6 raw bytes>
60,ali,eerste statistiek geklikt,<6 raw bytes>
61,ali,aanglogt op het systeem,<6 raw bytes>
62,ali,tweede statistiek geklikt,<6 raw bytes>
63,ali,tweede statistiek geklikt,<6 raw bytes>
64,ali,derde statistiek geklikt,<6 raw bytes>
65,ali,status van paket -858993460 opgezocht,<6 raw bytes>
66,ali,aanglogt op het systeem,<6 raw bytes>
67,ali,status van paket -858993460 opgezocht,<6 raw bytes>
68,ali,aanglogt op het systeem,<6 raw bytes>
69,ali,status van paket 1442 opgezocht,<6 raw bytes>
70,ali,status van paket 1442 gewijzigt naar in,<6 raw bytes>
71,ali,aanglogt op het systeem,<6 raw bytes>
72,ali,status van paket 1442 gewijzigt naar ,<6 raw bytes>
73,ali,aanglogt op het systeem,<6 raw bytes>
74,ali,status van paket 1442 opgezocht,<6 raw bytes>
75,ali,status van paket 1442 gewijzigt naar in magazijn,<6 raw bytes>
76,ali,nieuwe werknemer aangemaakt,<6 raw bytes>
